campaignsUsername	blacklisted	lastlogin	passwordsalt	password	registration_date	role	Upin
test1025campuser1@goevive.com				$2a$12$StlPCyQSTmEvLGSS3DqIgu/APrxSYDeDk938/rv7awB7YF8QD8vj2		user	TEST_1025_CAMP_USER1
test1025campuser2@goevive.com				$2a$12$StlPCyQSTmEvLGSS3DqIgu/APrxSYDeDk938/rv7awB7YF8QD8vj2		user	TEST_1025_CAMP_USER2
test1025campuser3@goevive.com				$2a$12$StlPCyQSTmEvLGSS3DqIgu/APrxSYDeDk938/rv7awB7YF8QD8vj2		user	TEST_1025_CAMP_USER3
test1025campuser4@goevive.com				$2a$12$StlPCyQSTmEvLGSS3DqIgu/APrxSYDeDk938/rv7awB7YF8QD8vj2		user	TEST_1025_CAMP_USER4
test1025campuser5@goevive.com				$2a$12$StlPCyQSTmEvLGSS3DqIgu/APrxSYDeDk938/rv7awB7YF8QD8vj2		user	TEST_1025_CAMP_USER5
test1025campuser6@goevive.com				$2a$12$StlPCyQSTmEvLGSS3DqIgu/APrxSYDeDk938/rv7awB7YF8QD8vj2		user	TEST_1025_CAMP_USER6
test1025campuser7@goevive.com				$2a$12$StlPCyQSTmEvLGSS3DqIgu/APrxSYDeDk938/rv7awB7YF8QD8vj2		user	TEST_1025_CAMP_USER7
test1025campuser8@goevive.com				$2a$12$StlPCyQSTmEvLGSS3DqIgu/APrxSYDeDk938/rv7awB7YF8QD8vj2		user	TEST_1025_CAMP_USER8
test1025campuser9@goevive.com				$2a$12$StlPCyQSTmEvLGSS3DqIgu/APrxSYDeDk938/rv7awB7YF8QD8vj2		user	TEST_1025_CAMP_USER9
test1025campuser10@goevive.com				$2a$12$StlPCyQSTmEvLGSS3DqIgu/APrxSYDeDk938/rv7awB7YF8QD8vj2		user	TEST_1025_CAMP_USER10
test1025campuser11@goevive.com				$2a$12$StlPCyQSTmEvLGSS3DqIgu/APrxSYDeDk938/rv7awB7YF8QD8vj2		user	TEST_1025_CAMP_USER11