campaignsUsername	blacklisted	lastlogin	password	passwordsalt	registration_date	role	Upin
test1037quizuser101@goevive.com			$2a$12$StlPCyQSTmEvLGSS3DqIgu/APrxSYDeDk938/rv7awB7YF8QD8vj2			user	TEST_1037_QUIZ_USER101
test1037quizuser102@goevive.com			$2a$12$StlPCyQSTmEvLGSS3DqIgu/APrxSYDeDk938/rv7awB7YF8QD8vj2			user	TEST_1037_QUIZ_USER102
test1037quizuser103@goevive.com			$2a$12$StlPCyQSTmEvLGSS3DqIgu/APrxSYDeDk938/rv7awB7YF8QD8vj2			user	TEST_1037_QUIZ_USER103
test1037quizuser104@goevive.com			$2a$12$StlPCyQSTmEvLGSS3DqIgu/APrxSYDeDk938/rv7awB7YF8QD8vj2			user	TEST_1037_QUIZ_USER104
test1037quizuser105@goevive.com			$2a$12$StlPCyQSTmEvLGSS3DqIgu/APrxSYDeDk938/rv7awB7YF8QD8vj2			user	TEST_1037_QUIZ_USER105
test1037quizuser106@goevive.com			$2a$12$StlPCyQSTmEvLGSS3DqIgu/APrxSYDeDk938/rv7awB7YF8QD8vj2			user	TEST_1037_QUIZ_USER106
test1037quizuser107@goevive.com			$2a$12$StlPCyQSTmEvLGSS3DqIgu/APrxSYDeDk938/rv7awB7YF8QD8vj2			user	TEST_1037_QUIZ_USER107
test1037quizuser108@goevive.com			$2a$12$StlPCyQSTmEvLGSS3DqIgu/APrxSYDeDk938/rv7awB7YF8QD8vj2			user	TEST_1037_QUIZ_USER108
test1037quizuser109@goevive.com			$2a$12$StlPCyQSTmEvLGSS3DqIgu/APrxSYDeDk938/rv7awB7YF8QD8vj2			user	TEST_1037_QUIZ_USER109
test1037quizuser110@goevive.com			$2a$12$StlPCyQSTmEvLGSS3DqIgu/APrxSYDeDk938/rv7awB7YF8QD8vj2			user	TEST_1037_QUIZ_USER110
test1037quizuser111@goevive.com			$2a$12$StlPCyQSTmEvLGSS3DqIgu/APrxSYDeDk938/rv7awB7YF8QD8vj2			user	TEST_1037_QUIZ_USER111
test1037quizuser112@goevive.com			$2a$12$StlPCyQSTmEvLGSS3DqIgu/APrxSYDeDk938/rv7awB7YF8QD8vj2			user	TEST_1037_QUIZ_USER112
test1037quizuser113@goevive.com			$2a$12$StlPCyQSTmEvLGSS3DqIgu/APrxSYDeDk938/rv7awB7YF8QD8vj2			user	TEST_1037_QUIZ_USER113
test1037quizuser114@goevive.com			$2a$12$StlPCyQSTmEvLGSS3DqIgu/APrxSYDeDk938/rv7awB7YF8QD8vj2			user	TEST_1037_QUIZ_USER114
test1037quizuser115@goevive.com			$2a$12$StlPCyQSTmEvLGSS3DqIgu/APrxSYDeDk938/rv7awB7YF8QD8vj2			user	TEST_1037_QUIZ_USER115
test1037quizuser116@goevive.com			$2a$12$StlPCyQSTmEvLGSS3DqIgu/APrxSYDeDk938/rv7awB7YF8QD8vj2			user	TEST_1037_QUIZ_USER116
test1037quizuser117@goevive.com			$2a$12$StlPCyQSTmEvLGSS3DqIgu/APrxSYDeDk938/rv7awB7YF8QD8vj2			user	TEST_1037_QUIZ_USER117
test1037quizuser118@goevive.com			$2a$12$StlPCyQSTmEvLGSS3DqIgu/APrxSYDeDk938/rv7awB7YF8QD8vj2			user	TEST_1037_QUIZ_USER118
test1037quizuser119@goevive.com			$2a$12$StlPCyQSTmEvLGSS3DqIgu/APrxSYDeDk938/rv7awB7YF8QD8vj2			user	TEST_1037_QUIZ_USER119
test1037quizuser120@goevive.com			$2a$12$StlPCyQSTmEvLGSS3DqIgu/APrxSYDeDk938/rv7awB7YF8QD8vj2			user	TEST_1037_QUIZ_USER120
test1037quizuser121@goevive.com			$2a$12$StlPCyQSTmEvLGSS3DqIgu/APrxSYDeDk938/rv7awB7YF8QD8vj2			user	TEST_1037_QUIZ_USER121
test1037quizuser122@goevive.com			$2a$12$StlPCyQSTmEvLGSS3DqIgu/APrxSYDeDk938/rv7awB7YF8QD8vj2			user	TEST_1037_QUIZ_USER122
test1037quizuser123@goevive.com			$2a$12$StlPCyQSTmEvLGSS3DqIgu/APrxSYDeDk938/rv7awB7YF8QD8vj2			user	TEST_1037_QUIZ_USER123
test1037quizuser124@goevive.com			$2a$12$StlPCyQSTmEvLGSS3DqIgu/APrxSYDeDk938/rv7awB7YF8QD8vj2			user	TEST_1037_QUIZ_USER124
test1037quizuser125@goevive.com			$2a$12$StlPCyQSTmEvLGSS3DqIgu/APrxSYDeDk938/rv7awB7YF8QD8vj2			user	TEST_1037_QUIZ_USER125
test1037quizuser126@goevive.com			$2a$12$StlPCyQSTmEvLGSS3DqIgu/APrxSYDeDk938/rv7awB7YF8QD8vj2			user	TEST_1037_QUIZ_USER126
test1037quizuser127@goevive.com			$2a$12$StlPCyQSTmEvLGSS3DqIgu/APrxSYDeDk938/rv7awB7YF8QD8vj2			user	TEST_1037_QUIZ_USER127
test1037quizuser128@goevive.com			$2a$12$StlPCyQSTmEvLGSS3DqIgu/APrxSYDeDk938/rv7awB7YF8QD8vj2			user	TEST_1037_QUIZ_USER128
test1037quizuser129@goevive.com			$2a$12$StlPCyQSTmEvLGSS3DqIgu/APrxSYDeDk938/rv7awB7YF8QD8vj2			user	TEST_1037_QUIZ_USER129
test1037quizuser130@goevive.com			$2a$12$StlPCyQSTmEvLGSS3DqIgu/APrxSYDeDk938/rv7awB7YF8QD8vj2			user	TEST_1037_QUIZ_USER130
test1037quizuser131@goevive.com			$2a$12$StlPCyQSTmEvLGSS3DqIgu/APrxSYDeDk938/rv7awB7YF8QD8vj2			user	TEST_1037_QUIZ_USER131
test1037quizuser132@goevive.com			$2a$12$StlPCyQSTmEvLGSS3DqIgu/APrxSYDeDk938/rv7awB7YF8QD8vj2			user	TEST_1037_QUIZ_USER132
test1037quizuser133@goevive.com			$2a$12$StlPCyQSTmEvLGSS3DqIgu/APrxSYDeDk938/rv7awB7YF8QD8vj2			user	TEST_1037_QUIZ_USER133
test1037quizuser134@goevive.com			$2a$12$StlPCyQSTmEvLGSS3DqIgu/APrxSYDeDk938/rv7awB7YF8QD8vj2			user	TEST_1037_QUIZ_USER134
test1037quizuser135@goevive.com			$2a$12$StlPCyQSTmEvLGSS3DqIgu/APrxSYDeDk938/rv7awB7YF8QD8vj2			user	TEST_1037_QUIZ_USER135
test1037quizuser136@goevive.com			$2a$12$StlPCyQSTmEvLGSS3DqIgu/APrxSYDeDk938/rv7awB7YF8QD8vj2			user	TEST_1037_QUIZ_USER136
test1037quizuser137@goevive.com			$2a$12$StlPCyQSTmEvLGSS3DqIgu/APrxSYDeDk938/rv7awB7YF8QD8vj2			user	TEST_1037_QUIZ_USER137
test1037quizuser138@goevive.com			$2a$12$StlPCyQSTmEvLGSS3DqIgu/APrxSYDeDk938/rv7awB7YF8QD8vj2			user	TEST_1037_QUIZ_USER138
test1037quizuser139@goevive.com			$2a$12$StlPCyQSTmEvLGSS3DqIgu/APrxSYDeDk938/rv7awB7YF8QD8vj2			user	TEST_1037_QUIZ_USER139
test1037quizuser140@goevive.com			$2a$12$StlPCyQSTmEvLGSS3DqIgu/APrxSYDeDk938/rv7awB7YF8QD8vj2			user	TEST_1037_QUIZ_USER140
test1037quizuser141@goevive.com			$2a$12$StlPCyQSTmEvLGSS3DqIgu/APrxSYDeDk938/rv7awB7YF8QD8vj2			user	TEST_1037_QUIZ_USER141
test1037quizuser142@goevive.com			$2a$12$StlPCyQSTmEvLGSS3DqIgu/APrxSYDeDk938/rv7awB7YF8QD8vj2			user	TEST_1037_QUIZ_USER142
test1037quizuser143@goevive.com			$2a$12$StlPCyQSTmEvLGSS3DqIgu/APrxSYDeDk938/rv7awB7YF8QD8vj2			user	TEST_1037_QUIZ_USER143
test1037quizuser144@goevive.com			$2a$12$StlPCyQSTmEvLGSS3DqIgu/APrxSYDeDk938/rv7awB7YF8QD8vj2			user	TEST_1037_QUIZ_USER144
test1037quizuser145@goevive.com			$2a$12$StlPCyQSTmEvLGSS3DqIgu/APrxSYDeDk938/rv7awB7YF8QD8vj2			user	TEST_1037_QUIZ_USER145
test1037quizuser146@goevive.com			$2a$12$StlPCyQSTmEvLGSS3DqIgu/APrxSYDeDk938/rv7awB7YF8QD8vj2			user	TEST_1037_QUIZ_USER146
test1037quizuser147@goevive.com			$2a$12$StlPCyQSTmEvLGSS3DqIgu/APrxSYDeDk938/rv7awB7YF8QD8vj2			user	TEST_1037_QUIZ_USER147
test1037quizuser148@goevive.com			$2a$12$StlPCyQSTmEvLGSS3DqIgu/APrxSYDeDk938/rv7awB7YF8QD8vj2			user	TEST_1037_QUIZ_USER148
test1037quizuser149@goevive.com			$2a$12$StlPCyQSTmEvLGSS3DqIgu/APrxSYDeDk938/rv7awB7YF8QD8vj2			user	TEST_1037_QUIZ_USER149
test1037quizuser150@goevive.com			$2a$12$StlPCyQSTmEvLGSS3DqIgu/APrxSYDeDk938/rv7awB7YF8QD8vj2			user	TEST_1037_QUIZ_USER150
test1037quizuser151@goevive.com			$2a$12$StlPCyQSTmEvLGSS3DqIgu/APrxSYDeDk938/rv7awB7YF8QD8vj2			user	TEST_1037_QUIZ_USER151
test1037quizuser152@goevive.com			$2a$12$StlPCyQSTmEvLGSS3DqIgu/APrxSYDeDk938/rv7awB7YF8QD8vj2			user	TEST_1037_QUIZ_USER152
test1037quizuser153@goevive.com			$2a$12$StlPCyQSTmEvLGSS3DqIgu/APrxSYDeDk938/rv7awB7YF8QD8vj2			user	TEST_1037_QUIZ_USER153
test1037quizuser154@goevive.com			$2a$12$StlPCyQSTmEvLGSS3DqIgu/APrxSYDeDk938/rv7awB7YF8QD8vj2			user	TEST_1037_QUIZ_USER154
test1037quizuser155@goevive.com			$2a$12$StlPCyQSTmEvLGSS3DqIgu/APrxSYDeDk938/rv7awB7YF8QD8vj2			user	TEST_1037_QUIZ_USER155
test1037quizuser156@goevive.com			$2a$12$StlPCyQSTmEvLGSS3DqIgu/APrxSYDeDk938/rv7awB7YF8QD8vj2			user	TEST_1037_QUIZ_USER156
test1037quizuser157@goevive.com			$2a$12$StlPCyQSTmEvLGSS3DqIgu/APrxSYDeDk938/rv7awB7YF8QD8vj2			user	TEST_1037_QUIZ_USER157
test1037quizuser158@goevive.com			$2a$12$StlPCyQSTmEvLGSS3DqIgu/APrxSYDeDk938/rv7awB7YF8QD8vj2			user	TEST_1037_QUIZ_USER158
test1037quizuser159@goevive.com			$2a$12$StlPCyQSTmEvLGSS3DqIgu/APrxSYDeDk938/rv7awB7YF8QD8vj2			user	TEST_1037_QUIZ_USER159
test1037quizuser160@goevive.com			$2a$12$StlPCyQSTmEvLGSS3DqIgu/APrxSYDeDk938/rv7awB7YF8QD8vj2			user	TEST_1037_QUIZ_USER160
test1037quizuser161@goevive.com			$2a$12$StlPCyQSTmEvLGSS3DqIgu/APrxSYDeDk938/rv7awB7YF8QD8vj2			user	TEST_1037_QUIZ_USER161
test1037quizuser162@goevive.com			$2a$12$StlPCyQSTmEvLGSS3DqIgu/APrxSYDeDk938/rv7awB7YF8QD8vj2			user	TEST_1037_QUIZ_USER162
test1037quizuser163@goevive.com			$2a$12$StlPCyQSTmEvLGSS3DqIgu/APrxSYDeDk938/rv7awB7YF8QD8vj2			user	TEST_1037_QUIZ_USER163
test1037quizuser164@goevive.com			$2a$12$StlPCyQSTmEvLGSS3DqIgu/APrxSYDeDk938/rv7awB7YF8QD8vj2			user	TEST_1037_QUIZ_USER164
test1037quizuser165@goevive.com			$2a$12$StlPCyQSTmEvLGSS3DqIgu/APrxSYDeDk938/rv7awB7YF8QD8vj2			user	TEST_1037_QUIZ_USER165
test1037quizuser166@goevive.com			$2a$12$StlPCyQSTmEvLGSS3DqIgu/APrxSYDeDk938/rv7awB7YF8QD8vj2			user	TEST_1037_QUIZ_USER166
test1037quizuser167@goevive.com			$2a$12$StlPCyQSTmEvLGSS3DqIgu/APrxSYDeDk938/rv7awB7YF8QD8vj2			user	TEST_1037_QUIZ_USER167
test1037quizuser168@goevive.com			$2a$12$StlPCyQSTmEvLGSS3DqIgu/APrxSYDeDk938/rv7awB7YF8QD8vj2			user	TEST_1037_QUIZ_USER168
test1037quizuser169@goevive.com			$2a$12$StlPCyQSTmEvLGSS3DqIgu/APrxSYDeDk938/rv7awB7YF8QD8vj2			user	TEST_1037_QUIZ_USER169
test1037quizuser170@goevive.com			$2a$12$StlPCyQSTmEvLGSS3DqIgu/APrxSYDeDk938/rv7awB7YF8QD8vj2			user	TEST_1037_QUIZ_USER170
test1037quizuser171@goevive.com			$2a$12$StlPCyQSTmEvLGSS3DqIgu/APrxSYDeDk938/rv7awB7YF8QD8vj2			user	TEST_1037_QUIZ_USER171
test1037quizuser172@goevive.com			$2a$12$StlPCyQSTmEvLGSS3DqIgu/APrxSYDeDk938/rv7awB7YF8QD8vj2			user	TEST_1037_QUIZ_USER172
test1037quizuser173@goevive.com			$2a$12$StlPCyQSTmEvLGSS3DqIgu/APrxSYDeDk938/rv7awB7YF8QD8vj2			user	TEST_1037_QUIZ_USER173
test1037quizuser174@goevive.com			$2a$12$StlPCyQSTmEvLGSS3DqIgu/APrxSYDeDk938/rv7awB7YF8QD8vj2			user	TEST_1037_QUIZ_USER174
test1037quizuser175@goevive.com			$2a$12$StlPCyQSTmEvLGSS3DqIgu/APrxSYDeDk938/rv7awB7YF8QD8vj2			user	TEST_1037_QUIZ_USER175
test1037quizuser176@goevive.com			$2a$12$StlPCyQSTmEvLGSS3DqIgu/APrxSYDeDk938/rv7awB7YF8QD8vj2			user	TEST_1037_QUIZ_USER176
test1037quizuser177@goevive.com			$2a$12$StlPCyQSTmEvLGSS3DqIgu/APrxSYDeDk938/rv7awB7YF8QD8vj2			user	TEST_1037_QUIZ_USER177
test1037quizuser178@goevive.com			$2a$12$StlPCyQSTmEvLGSS3DqIgu/APrxSYDeDk938/rv7awB7YF8QD8vj2			user	TEST_1037_QUIZ_USER178
test1037quizuser179@goevive.com			$2a$12$StlPCyQSTmEvLGSS3DqIgu/APrxSYDeDk938/rv7awB7YF8QD8vj2			user	TEST_1037_QUIZ_USER179
test1037quizuser180@goevive.com			$2a$12$StlPCyQSTmEvLGSS3DqIgu/APrxSYDeDk938/rv7awB7YF8QD8vj2			user	TEST_1037_QUIZ_USER180
test1037quizuser181@goevive.com			$2a$12$StlPCyQSTmEvLGSS3DqIgu/APrxSYDeDk938/rv7awB7YF8QD8vj2			user	TEST_1037_QUIZ_USER181
test1037quizuser182@goevive.com			$2a$12$StlPCyQSTmEvLGSS3DqIgu/APrxSYDeDk938/rv7awB7YF8QD8vj2			user	TEST_1037_QUIZ_USER182
test1037quizuser183@goevive.com			$2a$12$StlPCyQSTmEvLGSS3DqIgu/APrxSYDeDk938/rv7awB7YF8QD8vj2			user	TEST_1037_QUIZ_USER183
test1037quizuser184@goevive.com			$2a$12$StlPCyQSTmEvLGSS3DqIgu/APrxSYDeDk938/rv7awB7YF8QD8vj2			user	TEST_1037_QUIZ_USER184
test1037quizuser185@goevive.com			$2a$12$StlPCyQSTmEvLGSS3DqIgu/APrxSYDeDk938/rv7awB7YF8QD8vj2			user	TEST_1037_QUIZ_USER185
test1037quizuser186@goevive.com			$2a$12$StlPCyQSTmEvLGSS3DqIgu/APrxSYDeDk938/rv7awB7YF8QD8vj2			user	TEST_1037_QUIZ_USER186
test1037quizuser187@goevive.com			$2a$12$StlPCyQSTmEvLGSS3DqIgu/APrxSYDeDk938/rv7awB7YF8QD8vj2			user	TEST_1037_QUIZ_USER187
test1037quizuser188@goevive.com			$2a$12$StlPCyQSTmEvLGSS3DqIgu/APrxSYDeDk938/rv7awB7YF8QD8vj2			user	TEST_1037_QUIZ_USER188
test1037quizuser189@goevive.com			$2a$12$StlPCyQSTmEvLGSS3DqIgu/APrxSYDeDk938/rv7awB7YF8QD8vj2			user	TEST_1037_QUIZ_USER189
test1037quizuser190@goevive.com			$2a$12$StlPCyQSTmEvLGSS3DqIgu/APrxSYDeDk938/rv7awB7YF8QD8vj2			user	TEST_1037_QUIZ_USER190
test1037quizuser191@goevive.com			$2a$12$StlPCyQSTmEvLGSS3DqIgu/APrxSYDeDk938/rv7awB7YF8QD8vj2			user	TEST_1037_QUIZ_USER191
test1037quizuser192@goevive.com			$2a$12$StlPCyQSTmEvLGSS3DqIgu/APrxSYDeDk938/rv7awB7YF8QD8vj2			user	TEST_1037_QUIZ_USER192
test1037quizuser193@goevive.com			$2a$12$StlPCyQSTmEvLGSS3DqIgu/APrxSYDeDk938/rv7awB7YF8QD8vj2			user	TEST_1037_QUIZ_USER193
test1037quizuser194@goevive.com			$2a$12$StlPCyQSTmEvLGSS3DqIgu/APrxSYDeDk938/rv7awB7YF8QD8vj2			user	TEST_1037_QUIZ_USER194
test1037quizuser195@goevive.com			$2a$12$StlPCyQSTmEvLGSS3DqIgu/APrxSYDeDk938/rv7awB7YF8QD8vj2			user	TEST_1037_QUIZ_USER195
test1037quizuser196@goevive.com			$2a$12$StlPCyQSTmEvLGSS3DqIgu/APrxSYDeDk938/rv7awB7YF8QD8vj2			user	TEST_1037_QUIZ_USER196
test1037quizuser197@goevive.com			$2a$12$StlPCyQSTmEvLGSS3DqIgu/APrxSYDeDk938/rv7awB7YF8QD8vj2			user	TEST_1037_QUIZ_USER197
test1037quizuser198@goevive.com			$2a$12$StlPCyQSTmEvLGSS3DqIgu/APrxSYDeDk938/rv7awB7YF8QD8vj2			user	TEST_1037_QUIZ_USER198
test1037quizuser199@goevive.com			$2a$12$StlPCyQSTmEvLGSS3DqIgu/APrxSYDeDk938/rv7awB7YF8QD8vj2			user	TEST_1037_QUIZ_USER199
test1037quizuser200@goevive.com			$2a$12$StlPCyQSTmEvLGSS3DqIgu/APrxSYDeDk938/rv7awB7YF8QD8vj2			user	TEST_1037_QUIZ_USER200
test1037quizuser201@goevive.com			$2a$12$StlPCyQSTmEvLGSS3DqIgu/APrxSYDeDk938/rv7awB7YF8QD8vj2			user	TEST_1037_QUIZ_USER201
test1037quizuser202@goevive.com			$2a$12$StlPCyQSTmEvLGSS3DqIgu/APrxSYDeDk938/rv7awB7YF8QD8vj2			user	TEST_1037_QUIZ_USER202
test1037quizuser203@goevive.com			$2a$12$StlPCyQSTmEvLGSS3DqIgu/APrxSYDeDk938/rv7awB7YF8QD8vj2			user	TEST_1037_QUIZ_USER203
test1037quizuser204@goevive.com			$2a$12$StlPCyQSTmEvLGSS3DqIgu/APrxSYDeDk938/rv7awB7YF8QD8vj2			user	TEST_1037_QUIZ_USER204
test1037quizuser205@goevive.com			$2a$12$StlPCyQSTmEvLGSS3DqIgu/APrxSYDeDk938/rv7awB7YF8QD8vj2			user	TEST_1037_QUIZ_USER205
test1037quizuser206@goevive.com			$2a$12$StlPCyQSTmEvLGSS3DqIgu/APrxSYDeDk938/rv7awB7YF8QD8vj2			user	TEST_1037_QUIZ_USER206
test1037quizuser207@goevive.com			$2a$12$StlPCyQSTmEvLGSS3DqIgu/APrxSYDeDk938/rv7awB7YF8QD8vj2			user	TEST_1037_QUIZ_USER207
test1037quizuser208@goevive.com			$2a$12$StlPCyQSTmEvLGSS3DqIgu/APrxSYDeDk938/rv7awB7YF8QD8vj2			user	TEST_1037_QUIZ_USER208
test1037quizuser209@goevive.com			$2a$12$StlPCyQSTmEvLGSS3DqIgu/APrxSYDeDk938/rv7awB7YF8QD8vj2			user	TEST_1037_QUIZ_USER209
test1037quizuser210@goevive.com			$2a$12$StlPCyQSTmEvLGSS3DqIgu/APrxSYDeDk938/rv7awB7YF8QD8vj2			user	TEST_1037_QUIZ_USER210
test1037quizuser211@goevive.com			$2a$12$StlPCyQSTmEvLGSS3DqIgu/APrxSYDeDk938/rv7awB7YF8QD8vj2			user	TEST_1037_QUIZ_USER211
test1037quizuser212@goevive.com			$2a$12$StlPCyQSTmEvLGSS3DqIgu/APrxSYDeDk938/rv7awB7YF8QD8vj2			user	TEST_1037_QUIZ_USER212
test1037quizuser213@goevive.com			$2a$12$StlPCyQSTmEvLGSS3DqIgu/APrxSYDeDk938/rv7awB7YF8QD8vj2			user	TEST_1037_QUIZ_USER213
test1037quizuser214@goevive.com			$2a$12$StlPCyQSTmEvLGSS3DqIgu/APrxSYDeDk938/rv7awB7YF8QD8vj2			user	TEST_1037_QUIZ_USER214
test1037quizuser215@goevive.com			$2a$12$StlPCyQSTmEvLGSS3DqIgu/APrxSYDeDk938/rv7awB7YF8QD8vj2			user	TEST_1037_QUIZ_USER215
test1037quizuser216@goevive.com			$2a$12$StlPCyQSTmEvLGSS3DqIgu/APrxSYDeDk938/rv7awB7YF8QD8vj2			user	TEST_1037_QUIZ_USER216
test1037quizuser217@goevive.com			$2a$12$StlPCyQSTmEvLGSS3DqIgu/APrxSYDeDk938/rv7awB7YF8QD8vj2			user	TEST_1037_QUIZ_USER217
test1037quizuser218@goevive.com			$2a$12$StlPCyQSTmEvLGSS3DqIgu/APrxSYDeDk938/rv7awB7YF8QD8vj2			user	TEST_1037_QUIZ_USER218
test1037quizuser219@goevive.com			$2a$12$StlPCyQSTmEvLGSS3DqIgu/APrxSYDeDk938/rv7awB7YF8QD8vj2			user	TEST_1037_QUIZ_USER219
test1037quizuser220@goevive.com			$2a$12$StlPCyQSTmEvLGSS3DqIgu/APrxSYDeDk938/rv7awB7YF8QD8vj2			user	TEST_1037_QUIZ_USER220
test1037quizuser221@goevive.com			$2a$12$StlPCyQSTmEvLGSS3DqIgu/APrxSYDeDk938/rv7awB7YF8QD8vj2			user	TEST_1037_QUIZ_USER221
test1037quizuser222@goevive.com			$2a$12$StlPCyQSTmEvLGSS3DqIgu/APrxSYDeDk938/rv7awB7YF8QD8vj2			user	TEST_1037_QUIZ_USER222
test1037quizuser223@goevive.com			$2a$12$StlPCyQSTmEvLGSS3DqIgu/APrxSYDeDk938/rv7awB7YF8QD8vj2			user	TEST_1037_QUIZ_USER223
test1037quizuser224@goevive.com			$2a$12$StlPCyQSTmEvLGSS3DqIgu/APrxSYDeDk938/rv7awB7YF8QD8vj2			user	TEST_1037_QUIZ_USER224
test1037quizuser225@goevive.com			$2a$12$StlPCyQSTmEvLGSS3DqIgu/APrxSYDeDk938/rv7awB7YF8QD8vj2			user	TEST_1037_QUIZ_USER225
test1037quizuser226@goevive.com			$2a$12$StlPCyQSTmEvLGSS3DqIgu/APrxSYDeDk938/rv7awB7YF8QD8vj2			user	TEST_1037_QUIZ_USER226